"Year","Survey","Quarter","F_CODE","sst","sst1","sst2","Atlantic","Boreal","Lusitanian","Unknown","ratio"
1967,"NS-IBTS",1,"4.b",0.218708005112906,-0.324526793633898,-0.292768089411159,1,14,8,0,0.571428571428571
1968,"NS-IBTS",1,"4.b",0.218713079423954,0.218708005112906,-0.324526793633898,3,16,9,3,0.5625
1970,"NS-IBTS",1,"4.b",-0.417567109378676,-0.0572054337244481,0.218713079423954,1,17,11,1,0.647058823529412
1971,"NS-IBTS",1,"4.a",0.13111455210795,-0.165662584702174,0.125378645646075,0,21,15,5,0.714285714285714
1971,"NS-IBTS",1,"4.b",0.212976307297746,-0.417567109378676,-0.0572054337244481,1,16,11,7,0.6875
1972,"NS-IBTS",1,"4.a",0.29940788683792,0.13111455210795,-0.165662584702174,2,17,18,2,1.05882352941176
1972,"NS-IBTS",1,"4.b",0.137718468904495,0.212976307297746,-0.417567109378676,1,20,15,4,0.75
1973,"NS-IBTS",1,"4.a",0.117238921330621,0.29940788683792,0.13111455210795,0,16,15,6,0.9375
1973,"NS-IBTS",1,"4.b",0.427056413143873,0.137718468904495,0.212976307297746,1,15,16,7,1.06666666666667
1974,"NS-IBTS",1,"4.a",0.383099286941191,0.117238921330621,0.29940788683792,0,8,2,0,0.25
1975,"NS-IBTS",1,"4.a",0.244690893466274,0.383099286941191,0.117238921330621,3,16,5,2,0.3125
1975,"NS-IBTS",1,"4.b",0.531200258526951,0.226335404440761,0.427056413143873,1,13,10,4,0.769230769230769
1976,"NS-IBTS",1,"4.a",0.242064410851647,0.244690893466274,0.383099286941191,3,19,11,3,0.578947368421053
1976,"NS-IBTS",1,"4.b",0.310206260338115,0.531200258526951,0.226335404440761,1,17,11,5,0.647058823529412
1977,"NS-IBTS",1,"4.a",-0.173063373068968,0.242064410851647,0.244690893466274,0,19,11,3,0.578947368421053
1977,"NS-IBTS",1,"4.b",-0.102874988069137,0.310206260338115,0.531200258526951,1,18,9,3,0.5
1978,"NS-IBTS",1,"4.a",-0.277305208394925,-0.173063373068968,0.242064410851647,3,18,12,3,0.666666666666667
1978,"NS-IBTS",1,"4.b",-0.2942325353312,-0.102874988069137,0.310206260338115,2,20,18,10,0.9
1978,"NS-IBTS",1,"4.c",0.0120172910392284,0.212412057444453,0.468932265299372,1,8,14,2,1.75
1979,"NS-IBTS",1,"3.a",-1.0604833982264,-0.23371096358945,-0.0690685386459033,2,16,13,2,0.8125
1979,"NS-IBTS",1,"4.a",-0.720702729653567,-0.277305208394925,-0.173063373068968,3,17,14,6,0.823529411764706
1979,"NS-IBTS",1,"4.b",-0.988749587597946,-0.2942325353312,-0.102874988069137,2,21,13,5,0.619047619047619
1979,"NS-IBTS",1,"4.c",-0.300762626032035,0.0120172910392284,0.212412057444453,0,11,11,3,1
1980,"NS-IBTS",1,"3.a",-0.328059772029519,-1.0604833982264,-0.23371096358945,6,19,15,2,0.789473684210526
1980,"NS-IBTS",1,"4.a",0.0201734192979833,-0.720702729653567,-0.277305208394925,4,25,18,5,0.72
1980,"NS-IBTS",1,"4.b",-0.168975348894795,-0.988749587597946,-0.2942325353312,3,21,20,10,0.952380952380952
1980,"NS-IBTS",1,"4.c",-0.00524789979681373,-0.300762626032035,0.0120172910392284,2,8,13,1,1.625
1981,"NS-IBTS",1,"3.a",-0.269933391595259,-0.328059772029519,-1.0604833982264,2,19,12,4,0.631578947368421
1981,"NS-IBTS",1,"4.a",-0.214439185739805,0.0201734192979833,-0.720702729653567,3,20,15,3,0.75
1981,"NS-IBTS",1,"4.b",-0.320596696265663,-0.168975348894795,-0.988749587597946,3,24,16,12,0.666666666666667
1981,"NS-IBTS",1,"4.c",-0.177008632570505,-0.00524789979681373,-0.300762626032035,1,10,11,1,1.1
1982,"NS-IBTS",1,"3.a",0.15528532769531,-0.269933391595259,-0.328059772029519,6,23,16,2,0.695652173913043
1982,"NS-IBTS",1,"4.a",-0.0424689179907242,-0.214439185739805,0.0201734192979833,3,22,20,6,0.909090909090909
1982,"NS-IBTS",1,"4.b",0.0808957838453352,-0.320596696265663,-0.168975348894795,3,22,20,13,0.909090909090909
1982,"NS-IBTS",1,"4.c",0.288403437783321,-0.177008632570505,-0.00524789979681373,0,9,14,3,1.55555555555556
1983,"NS-IBTS",1,"3.a",0.330609423962111,0.15528532769531,-0.269933391595259,2,21,13,1,0.619047619047619
1983,"NS-IBTS",1,"4.a",-0.156937503038595,-0.0424689179907242,-0.214439185739805,3,31,22,3,0.709677419354839
1983,"NS-IBTS",1,"4.b",0.0907146057579666,0.0808957838453352,-0.320596696265663,3,30,22,8,0.733333333333333
1983,"NS-IBTS",1,"4.c",0.19842791898797,0.288403437783321,-0.177008632570505,2,17,14,4,0.823529411764706
1984,"NS-IBTS",1,"3.a",0.0443486527850231,0.330609423962111,0.15528532769531,5,21,16,1,0.761904761904762
1984,"NS-IBTS",1,"4.a",0.00852973125874996,-0.156937503038595,-0.0424689179907242,3,31,23,6,0.741935483870968
1984,"NS-IBTS",1,"4.b",-0.000369793114562829,0.0907146057579666,0.0808957838453352,4,32,29,9,0.90625
1984,"NS-IBTS",1,"4.c",0.00539346629132827,0.19842791898797,0.288403437783321,2,21,19,3,0.904761904761905
1985,"NS-IBTS",1,"3.a",-0.580890892383953,0.0443486527850231,0.330609423962111,3,19,15,2,0.789473684210526
1985,"NS-IBTS",1,"4.a",-0.141620913986117,0.00852973125874996,-0.156937503038595,3,31,26,8,0.838709677419355
1985,"NS-IBTS",1,"4.b",-0.289139880643537,-0.000369793114562829,0.0907146057579666,1,26,23,10,0.884615384615385
1985,"NS-IBTS",1,"4.c",-0.355507857476672,0.00539346629132827,0.19842791898797,2,15,16,5,1.06666666666667
1985,"SWC-IBTS",1,"6.a",-0.109239752870053,0.256050022318959,-0.0304202819243073,7,26,29,6,1.11538461538462
1986,"NS-IBTS",1,"3.a",-0.592599030118436,-0.580890892383953,0.0443486527850231,5,23,16,1,0.695652173913043
1986,"NS-IBTS",1,"4.a",-0.359163580959042,-0.141620913986117,0.00852973125874996,3,28,22,9,0.785714285714286
1986,"NS-IBTS",1,"4.b",-0.591882016975433,-0.289139880643537,-0.000369793114562829,2,30,26,13,0.866666666666667
1986,"NS-IBTS",1,"4.c",-0.595115706014136,-0.355507857476672,0.00539346629132827,2,17,15,4,0.882352941176471
1986,"SWC-IBTS",1,"6.a",-0.311889502530297,-0.109239752870053,0.256050022318959,4,21,28,2,1.33333333333333
1987,"NS-IBTS",1,"3.a",-0.863859018310905,-0.592599030118436,-0.580890892383953,6,24,15,1,0.625
1987,"NS-IBTS",1,"4.a",-0.191339620078603,-0.359163580959042,-0.141620913986117,2,26,19,5,0.730769230769231
1987,"NS-IBTS",1,"4.b",-0.507075962920984,-0.591882016975433,-0.289139880643537,2,30,25,7,0.833333333333333
1987,"NS-IBTS",1,"4.c",-0.325612640318771,-0.595115706014136,-0.355507857476672,1,14,14,5,1
1987,"SWC-IBTS",1,"6.a",-0.00848516387244066,-0.311889502530297,-0.109239752870053,3,24,29,2,1.20833333333333
1988,"FR-CGFS",4,"7.d",0.224726589551816,-0.30882208654657,-0.652665102931981,2,7,30,3,4.28571428571429
1988,"NS-IBTS",1,"3.a",0.56858673132956,-0.863859018310905,-0.592599030118436,5,18,13,1,0.722222222222222
1988,"NS-IBTS",1,"4.a",0.383029243070632,-0.191339620078603,-0.359163580959042,3,28,19,5,0.678571428571429
1988,"NS-IBTS",1,"4.b",0.482804999997218,-0.507075962920984,-0.591882016975433,2,24,28,7,1.16666666666667
1988,"NS-IBTS",1,"4.c",0.450921762734652,-0.325612640318771,-0.595115706014136,1,13,15,7,1.15384615384615
1988,"SWC-IBTS",1,"6.a",0.140935538647076,-0.00848516387244066,-0.311889502530297,3,27,28,3,1.03703703703704
1989,"FR-CGFS",4,"7.d",1.08019358303511,0.224726589551816,-0.30882208654657,1,8,29,3,3.625
1989,"NS-IBTS",1,"3.a",1.16072827825944,0.56858673132956,-0.863859018310905,3,21,11,1,0.523809523809524
1989,"NS-IBTS",1,"4.a",0.443279354088008,0.383029243070632,-0.191339620078603,3,29,19,6,0.655172413793103
1989,"NS-IBTS",1,"4.b",0.928222098698219,0.482804999997218,-0.507075962920984,3,31,28,12,0.903225806451613
1989,"NS-IBTS",1,"4.c",1.27074973285198,0.450921762734652,-0.325612640318771,1,12,16,7,1.33333333333333
1989,"SWC-IBTS",1,"6.a",0.375733497397353,0.140935538647076,-0.00848516387244066,4,26,30,2,1.15384615384615
1990,"FR-CGFS",4,"7.d",1.02327184190014,1.08019358303511,0.224726589551816,2,7,32,3,4.57142857142857
1990,"NS-IBTS",1,"3.a",1.25146463296066,1.16072827825944,0.56858673132956,3,22,15,1,0.681818181818182
1990,"NS-IBTS",1,"4.a",0.703478305848936,0.443279354088008,0.383029243070632,3,25,27,7,1.08
1990,"NS-IBTS",1,"4.b",1.01220208623757,0.928222098698219,0.482804999997218,4,26,31,9,1.19230769230769
1990,"NS-IBTS",1,"4.c",1.19066342959801,1.27074973285198,0.450921762734652,2,13,23,8,1.76923076923077
1990,"SWC-IBTS",1,"6.a",0.497752244273822,0.375733497397353,0.140935538647076,3,25,29,3,1.16
1991,"FR-CGFS",4,"7.d",0.0375556195154786,1.02327184190014,1.08019358303511,2,9,28,3,3.11111111111111
1991,"NS-IBTS",1,"3.a",0.348923077185949,1.25146463296066,1.16072827825944,6,24,21,3,0.875
1991,"NS-IBTS",1,"4.a",0.373030669769893,0.703478305848936,0.443279354088008,4,28,24,7,0.857142857142857
1991,"NS-IBTS",1,"4.b",0.40843237672622,1.01220208623757,0.928222098698219,3,32,37,11,1.15625
1991,"NS-IBTS",1,"4.c",0.260329561928908,1.19066342959801,1.27074973285198,1,17,27,5,1.58823529411765
1991,"SWC-IBTS",1,"6.a",0.161837875532607,0.497752244273822,0.375733497397353,4,24,29,3,1.20833333333333
1992,"FR-CGFS",4,"7.d",0.373077312329163,0.0375556195154786,1.02327184190014,2,6,30,3,5
1992,"NS-IBTS",1,"3.a",0.89793309631447,0.348923077185949,1.25146463296066,5,23,19,1,0.826086956521739
1992,"NS-IBTS",1,"4.a",0.40955142651995,0.373030669769893,0.703478305848936,5,28,25,5,0.892857142857143
1992,"NS-IBTS",1,"4.b",0.692625335572908,0.40843237672622,1.01220208623757,2,31,27,11,0.870967741935484
1992,"NS-IBTS",1,"4.c",0.666884408642848,0.260329561928908,1.19066342959801,1,16,21,4,1.3125
1992,"SWC-IBTS",1,"6.a",0.166365766587357,0.161837875532607,0.497752244273822,3,26,31,3,1.19230769230769
1993,"FR-CGFS",4,"7.d",0.135520010410498,0.373077312329163,0.0375556195154786,2,7,28,3,4
1993,"NS-IBTS",1,"3.a",-0.166710439448555,0.89793309631447,0.348923077185949,4,29,19,3,0.655172413793103
1993,"NS-IBTS",1,"4.a",-0.219240352759759,0.40955142651995,0.373030669769893,5,29,24,4,0.827586206896552
1993,"NS-IBTS",1,"4.b",-0.116573020505408,0.692625335572908,0.40843237672622,4,27,27,10,1
1993,"NS-IBTS",1,"4.c",0.207115939507882,0.666884408642848,0.260329561928908,1,11,19,3,1.72727272727273
1993,"SWC-IBTS",1,"6.a",-0.151766867687305,0.166365766587357,0.161837875532607,3,24,33,3,1.375
1994,"FR-CGFS",4,"7.d",0.588399738927061,0.135520010410498,0.373077312329163,2,8,29,3,3.625
1994,"NS-IBTS",1,"3.a",0.509638103966912,-0.166710439448555,0.89793309631447,5,26,17,2,0.653846153846154
1994,"NS-IBTS",1,"4.a",0.115380687763294,-0.219240352759759,0.40955142651995,5,25,23,4,0.92
1994,"NS-IBTS",1,"4.b",0.363114957076808,-0.116573020505408,0.692625335572908,4,32,29,12,0.90625
1994,"NS-IBTS",1,"4.c",0.794129027674595,0.207115939507882,0.666884408642848,1,14,22,5,1.57142857142857
1994,"SWC-IBTS",1,"6.a",-0.143373418599367,-0.151766867687305,0.166365766587357,4,24,35,3,1.45833333333333
1995,"FR-CGFS",4,"7.d",0.995507111152013,0.588399738927061,0.135520010410498,1,7,31,3,4.42857142857143
1995,"NS-IBTS",1,"3.a",0.792463705564539,0.509638103966912,-0.166710439448555,5,25,19,4,0.76
1995,"NS-IBTS",1,"4.a",0.184389228994648,0.115380687763294,-0.219240352759759,5,27,23,3,0.851851851851852
1995,"NS-IBTS",1,"4.b",0.757892796148856,0.363114957076808,-0.116573020505408,4,31,34,10,1.09677419354839
1995,"NS-IBTS",1,"4.c",1.33043770492077,0.794129027674595,0.207115939507882,1,18,25,6,1.38888888888889
1995,"SWC-IBTS",1,"6.a",0.410204002012809,-0.143373418599367,-0.151766867687305,4,18,27,3,1.5
1996,"FR-CGFS",4,"7.d",0.0016543179905663,0.995507111152013,0.588399738927061,1,6,30,3,5
1996,"NS-IBTS",1,"3.a",-0.498815612867475,0.792463705564539,0.509638103966912,7,27,22,2,0.814814814814815
1996,"NS-IBTS",1,"4.a",-0.0629194134225448,0.184389228994648,0.115380687763294,5,27,27,7,1
1996,"NS-IBTS",1,"4.b",-0.353067761752754,0.757892796148856,0.363114957076808,3,33,32,9,0.96969696969697
1996,"NS-IBTS",1,"4.c",-0.185061360088487,1.33043770492077,0.794129027674595,1,15,23,8,1.53333333333333
1996,"SWC-IBTS",1,"6.a",0.174842905874054,0.410204002012809,-0.143373418599367,4,26,34,3,1.30769230769231
1997,"EVHOE",4,"7.g",0.791476147249341,0.370686653535813,0.816545528359711,4,15,28,2,1.86666666666667
1997,"EVHOE",4,"7.h",0.777012716978788,0.387896141037345,0.749590302507083,3,12,25,2,2.08333333333333
1997,"EVHOE",4,"7.j",0.781992917569975,0.35706271683254,0.779692696795488,4,14,29,3,2.07142857142857
1997,"EVHOE",4,"8.a",0.741299504414201,0.286036745334665,0.77020954589049,5,13,49,7,3.76923076923077
1997,"EVHOE",4,"8.b",0.878371939994395,0.330468780050675,0.740334436918298,4,1,51,12,51
1997,"EVHOE",4,"8.d",0.777012716978788,0.387896141037345,0.749590302507083,4,4,24,5,6
1997,"FR-CGFS",4,"7.d",0.7132196930858,0.0016543179905663,0.995507111152013,2,7,33,3,4.71428571428571
1997,"NS-IBTS",1,"3.a",0.754065929291149,-0.498815612867475,0.792463705564539,7,30,21,2,0.7
1997,"NS-IBTS",1,"4.a",0.41681142039597,-0.0629194134225448,0.184389228994648,5,26,29,4,1.11538461538462
1997,"NS-IBTS",1,"4.b",0.834374927294751,-0.353067761752754,0.757892796148856,5,29,33,10,1.13793103448276
1997,"NS-IBTS",1,"4.c",0.812094607700904,-0.185061360088487,1.33043770492077,2,19,24,5,1.26315789473684
1997,"SWC-IBTS",1,"6.a",0.768442651877801,0.174842905874054,0.410204002012809,4,23,35,4,1.52173913043478
1998,"EVHOE",4,"7.g",0.680119682724277,0.791476147249341,0.370686653535813,2,17,34,3,2
1998,"EVHOE",4,"7.h",0.69071777847906,0.777012716978788,0.387896141037345,6,9,30,2,3.33333333333333
1998,"EVHOE",4,"7.j",0.627275731724997,0.781992917569975,0.35706271683254,5,13,28,5,2.15384615384615
1998,"EVHOE",4,"8.a",0.727463243529201,0.741299504414201,0.286036745334665,3,12,48,8,4
1998,"EVHOE",4,"8.b",0.840400259010494,0.878371939994395,0.330468780050675,3,3,50,13,16.6666666666667
1998,"EVHOE",4,"8.d",0.69071777847906,0.777012716978788,0.387896141037345,3,1,18,4,18
1998,"FR-CGFS",4,"7.d",1.03641893869887,0.7132196930858,0.0016543179905663,2,7,35,3,5
1998,"NS-IBTS",1,"3.a",0.519048383149008,0.754065929291149,-0.498815612867475,6,28,24,2,0.857142857142857
1998,"NS-IBTS",1,"4.a",0.574870891620715,0.41681142039597,-0.0629194134225448,5,32,31,5,0.96875
1998,"NS-IBTS",1,"4.b",0.563361695657174,0.834374927294751,-0.353067761752754,2,33,37,13,1.12121212121212
1998,"NS-IBTS",1,"4.c",0.99664873133103,0.812094607700904,-0.185061360088487,2,16,26,4,1.625
1998,"SWC-IBTS",1,"6.a",0.619570914655924,0.768442651877801,0.174842905874054,4,24,31,3,1.29166666666667
1999,"BITS",1,"3.b, c",1.32809276894356,0.700510266236961,0.789813353214413,0,20,9,3,0.45
1999,"BITS",1,"3.d",1.2057399371018,0.344550748666128,0.788719500104586,0,1,1,0,1
1999,"EVHOE",4,"7.g",0.703984211509426,0.680119682724277,0.791476147249341,4,16,38,4,2.375
1999,"EVHOE",4,"7.h",0.721052293976148,0.69071777847906,0.777012716978788,6,12,26,3,2.16666666666667
1999,"EVHOE",4,"7.j",0.601286261032025,0.627275731724997,0.781992917569975,7,13,26,12,2
1999,"EVHOE",4,"8.a",0.859387723108133,0.727463243529201,0.741299504414201,7,9,44,9,4.88888888888889
1999,"EVHOE",4,"8.b",0.882051124547919,0.840400259010494,0.878371939994395,4,4,51,12,12.75
1999,"EVHOE",4,"8.d",0.721052293976148,0.69071777847906,0.777012716978788,3,1,10,3,10
1999,"FR-CGFS",4,"7.d",1.44673832831904,1.03641893869887,0.7132196930858,2,9,36,3,4
1999,"NS-IBTS",1,"3.a",1.14635653048754,0.519048383149008,0.754065929291149,7,28,22,3,0.785714285714286
1999,"NS-IBTS",1,"4.a",0.562526858846347,0.574870891620715,0.41681142039597,6,30,31,2,1.03333333333333
1999,"NS-IBTS",1,"4.b",1.01684475690126,0.563361695657174,0.834374927294751,5,30,38,8,1.26666666666667
1999,"NS-IBTS",1,"4.c",1.31014574070772,0.99664873133103,0.812094607700904,1,17,20,3,1.17647058823529
1999,"ROCKALL",3,"6.b",0.249999941016237,0.487269170892735,0.67609580187127,4,15,13,1,0.866666666666667
1999,"SWC-IBTS",1,"6.a",0.512201141566038,0.619570914655924,0.768442651877801,4,20,36,3,1.8
2000,"BITS",1,"3.b, c",1.24240146259156,1.32809276894356,0.700510266236961,0,18,7,1,0.388888888888889
2000,"BITS",1,"3.d",1.27589158713818,1.2057399371018,0.344550748666128,0,2,1,1,0.5
2000,"EVHOE",4,"7.g",0.268185988689462,0.703984211509426,0.680119682724277,4,16,29,2,1.8125
2000,"EVHOE",4,"7.h",0.306291899333398,0.721052293976148,0.69071777847906,3,11,25,2,2.27272727272727
2000,"EVHOE",4,"7.j",0.203064306406304,0.601286261032025,0.627275731724997,3,12,31,4,2.58333333333333
2000,"EVHOE",4,"8.a",0.432999442021052,0.859387723108133,0.727463243529201,6,12,44,7,3.66666666666667
2000,"EVHOE",4,"8.b",0.593672823160887,0.882051124547919,0.840400259010494,4,4,48,10,12
2000,"EVHOE",4,"8.d",0.306291899333398,0.721052293976148,0.69071777847906,4,0,19,3,99
2000,"FR-CGFS",4,"7.d",0.997077055430661,1.44673832831904,1.03641893869887,2,7,31,3,4.42857142857143
2000,"NS-IBTS",1,"3.a",1.0692855102631,1.14635653048754,0.519048383149008,5,30,26,3,0.866666666666667
2000,"NS-IBTS",1,"4.a",0.37242413200438,0.562526858846347,0.574870891620715,5,29,30,2,1.03448275862069
2000,"NS-IBTS",1,"4.b",0.782139242626727,1.01684475690126,0.563361695657174,4,30,39,9,1.3
2000,"NS-IBTS",1,"4.c",0.877555125703414,1.31014574070772,0.99664873133103,1,16,26,7,1.625
2000,"SWC-IBTS",1,"6.a",0.455761099234223,0.512201141566038,0.619570914655924,4,23,34,3,1.47826086956522
2001,"BITS",1,"3.b, c",0.997813136937718,1.24240146259156,1.32809276894356,1,15,13,3,0.866666666666667
2001,"BITS",1,"3.d",1.17061102266113,1.27589158713818,1.2057399371018,1,11,4,1,0.363636363636364
2001,"EVHOE",4,"7.g",0.563005130427579,0.268185988689462,0.703984211509426,4,17,36,3,2.11764705882353
2001,"EVHOE",4,"7.h",0.695693174997965,0.306291899333398,0.721052293976148,7,14,33,2,2.35714285714286
2001,"EVHOE",4,"7.j",0.598483998871719,0.203064306406304,0.601286261032025,8,15,31,3,2.06666666666667
2001,"EVHOE",4,"8.a",0.890672951936722,0.432999442021052,0.859387723108133,7,12,50,14,4.16666666666667
2001,"EVHOE",4,"8.b",1.05058014517029,0.593672823160887,0.882051124547919,5,4,48,15,12
2001,"EVHOE",4,"8.d",0.695693174997965,0.306291899333398,0.721052293976148,3,0,9,6,99
2001,"FR-CGFS",4,"7.d",1.12461930482338,0.997077055430661,1.44673832831904,2,8,32,3,4
2001,"NS-IBTS",1,"3.a",0.848378679404656,1.0692855102631,1.14635653048754,7,28,21,3,0.75
2001,"NS-IBTS",1,"4.a",0.503997212151686,0.37242413200438,0.562526858846347,5,30,33,2,1.1
2001,"NS-IBTS",1,"4.b",0.792196431507667,0.782139242626727,1.01684475690126,4,30,40,9,1.33333333333333
2001,"NS-IBTS",1,"4.c",0.940730755527814,0.877555125703414,1.31014574070772,2,18,30,7,1.66666666666667
2001,"ROCKALL",3,"6.b",0.740543523803353,0.351486545676986,0.249999941016237,2,12,12,0,1
2001,"SP-NORTH",4,"8.c",0.710263748549753,0.53537976814227,0.691883680100242,10,4,54,37,13.5
2001,"SP-PORC",3,"7.c",0.707869031311323,0.241787256556563,0.457300074864179,12,14,28,19,2
2001,"SP-PORC",3,"7.k",0.707869031311323,0.241787256556563,0.457300074864179,15,9,18,19,2
2001,"SWC-IBTS",1,"6.a",0.557540210584799,0.455761099234223,0.512201141566038,4,26,31,3,1.19230769230769
2002,"BITS",1,"3.b, c",1.34225122304633,0.997813136937718,1.24240146259156,1,18,11,2,0.611111111111111
2002,"BITS",1,"3.d",1.33577534804742,1.17061102266113,1.27589158713818,1,9,5,2,0.555555555555556
2002,"EVHOE",4,"7.g",0.559440012400349,0.563005130427579,0.268185988689462,3,17,36,3,2.11764705882353
2002,"EVHOE",4,"7.h",0.518526510645946,0.695693174997965,0.306291899333398,6,11,30,5,2.72727272727273
2002,"EVHOE",4,"7.j",0.55570755371203,0.598483998871719,0.203064306406304,8,13,35,4,2.69230769230769
2002,"EVHOE",4,"8.a",0.63430430367589,0.890672951936722,0.432999442021052,6,11,54,14,4.90909090909091
2002,"EVHOE",4,"8.b",0.712204642904301,1.05058014517029,0.593672823160887,4,5,49,15,9.8
2002,"EVHOE",4,"8.d",0.518526510645946,0.695693174997965,0.306291899333398,5,2,21,5,10.5
2002,"FR-CGFS",4,"7.d",1.41276624829819,1.12461930482338,0.997077055430661,2,7,35,3,5
2002,"NS-IBTS",1,"3.a",1.2824285045887,0.848378679404656,1.0692855102631,4,31,22,4,0.709677419354839
2002,"NS-IBTS",1,"4.a",1.12880346526702,0.503997212151686,0.37242413200438,5,31,26,5,0.838709677419355
2002,"NS-IBTS",1,"4.b",1.33098611359795,0.792196431507667,0.782139242626727,4,32,40,10,1.25
2002,"NS-IBTS",1,"4.c",1.46740705768267,0.940730755527814,0.877555125703414,2,20,30,6,1.5
2002,"PT-IBTS",4,"9.a",0.408067901153117,0.458660893336249,0.412541879108176,6,1,35,25,35
2002,"ROCKALL",3,"6.b",0.678478211785356,0.740543523803353,0.351486545676986,2,13,13,1,1
2002,"SP-NORTH",4,"8.c",0.540051869427164,0.710263748549753,0.53537976814227,10,1,54,34,54
2002,"SP-PORC",3,"7.c",0.565512581417958,0.707869031311323,0.241787256556563,14,14,24,20,1.71428571428571
2002,"SP-PORC",3,"7.k",0.565512581417958,0.707869031311323,0.241787256556563,13,7,17,23,2.42857142857143
2002,"SWC-IBTS",1,"6.a",0.804835880796115,0.557540210584799,0.455761099234223,4,27,31,4,1.14814814814815
2003,"BITS",1,"3.b, c",1.06299647855728,1.34225122304633,0.997813136937718,1,17,12,2,0.705882352941177
2003,"BITS",1,"3.d",0.647992107396325,1.33577534804742,1.17061102266113,1,13,5,2,0.384615384615385
2003,"EVHOE",4,"7.g",0.863056975106398,0.559440012400349,0.563005130427579,3,19,38,5,2
2003,"EVHOE",4,"7.h",0.970932722091675,0.518526510645946,0.695693174997965,6,15,34,3,2.26666666666667
2003,"EVHOE",4,"7.j",0.813073119769494,0.55570755371203,0.598483998871719,8,14,33,5,2.35714285714286
2003,"EVHOE",4,"8.a",1.09018178532521,0.63430430367589,0.890672951936722,7,12,45,11,3.75
2003,"EVHOE",4,"8.b",1.32289060701927,0.712204642904301,1.05058014517029,2,3,39,10,13
2003,"EVHOE",4,"8.d",0.970932722091675,0.518526510645946,0.695693174997965,5,1,17,3,17
2003,"FR-CGFS",4,"7.d",1.450963110663,1.41276624829819,1.12461930482338,3,8,33,3,4.125
2003,"IE-IGFS",4,"7.b",0.775719456374645,0.605189321562648,0.529941950459033,3,15,36,6,2.4
2003,"NS-IBTS",1,"3.a",0.980251975667973,1.2824285045887,0.848378679404656,5,27,24,3,0.888888888888889
2003,"NS-IBTS",1,"4.a",1.15166956074536,1.12880346526702,0.503997212151686,5,27,27,2,1
2003,"NS-IBTS",1,"4.b",1.18793678190559,1.33098611359795,0.792196431507667,4,32,37,9,1.15625
2003,"NS-IBTS",1,"4.c",1.44153061509132,1.46740705768267,0.940730755527814,2,21,35,7,1.66666666666667
2003,"ROCKALL",3,"6.b",0.982060424983501,0.678478211785356,0.740543523803353,2,14,12,0,0.857142857142857
2003,"SP-NORTH",4,"8.c",1.07141371257603,0.540051869427164,0.710263748549753,11,1,50,37,50
2003,"SP-PORC",3,"7.c",0.713914934545755,0.565512581417958,0.707869031311323,13,13,26,17,2
2003,"SP-PORC",3,"7.k",0.713914934545755,0.565512581417958,0.707869031311323,11,7,17,19,2.42857142857143
2003,"SWC-IBTS",1,"6.a",0.946991930405299,0.804835880796115,0.557540210584799,6,24,36,5,1.5
2004,"BITS",1,"3.b, c",0.99271199076126,1.06299647855728,1.34225122304633,0,17,13,3,0.764705882352941
2004,"BITS",1,"3.d",0.788467934044699,0.647992107396325,1.33577534804742,0,10,7,2,0.7
2004,"EVHOE",4,"7.g",0.665095918501417,0.863056975106398,0.559440012400349,3,14,32,6,2.28571428571429
2004,"EVHOE",4,"7.h",0.720322022835414,0.970932722091675,0.518526510645946,8,13,31,5,2.38461538461538
2004,"EVHOE",4,"7.j",0.599852271998922,0.813073119769494,0.55570755371203,8,12,31,5,2.58333333333333
2004,"EVHOE",4,"8.a",0.688851756354173,1.09018178532521,0.63430430367589,7,12,53,12,4.41666666666667
2004,"EVHOE",4,"8.b",0.480256355367601,1.32289060701927,0.712204642904301,5,4,46,10,11.5
2004,"EVHOE",4,"8.d",0.720322022835414,0.970932722091675,0.518526510645946,3,1,23,7,23
2004,"FR-CGFS",4,"7.d",1.21334434238573,1.450963110663,1.41276624829819,2,7,34,3,4.85714285714286
2004,"IE-IGFS",4,"7.b",0.550157207995653,0.775719456374645,0.605189321562648,3,15,29,6,1.93333333333333
2004,"NS-IBTS",1,"3.a",0.978406673297286,0.980251975667973,1.2824285045887,6,29,27,4,0.931034482758621
2004,"NS-IBTS",1,"4.a",0.843224113434553,1.15166956074536,1.12880346526702,4,25,28,5,1.12
2004,"NS-IBTS",1,"4.b",1.01449637673795,1.18793678190559,1.33098611359795,2,30,43,9,1.43333333333333
2004,"NS-IBTS",1,"4.c",1.20466060936451,1.44153061509132,1.46740705768267,1,17,33,6,1.94117647058824
2004,"SP-NORTH",4,"8.c",0.54380374836425,1.07141371257603,0.540051869427164,9,3,53,35,17.6666666666667
2004,"SP-PORC",3,"7.c",0.459964747074991,0.713914934545755,0.565512581417958,10,12,25,18,2.08333333333333
2004,"SP-PORC",3,"7.k",0.459964747074991,0.713914934545755,0.565512581417958,11,5,16,22,3.2
2004,"SWC-IBTS",1,"6.a",0.811638717850049,0.946991930405299,0.804835880796115,7,21,36,4,1.71428571428571
2005,"BITS",1,"3.b, c",1.16991239048851,0.99271199076126,1.06299647855728,0,14,13,3,0.928571428571429
2005,"BITS",1,"3.d",1.31380107502143,0.788467934044699,0.647992107396325,2,12,5,2,0.416666666666667
2005,"EVHOE",4,"7.g",0.738986187924941,0.665095918501417,0.863056975106398,3,16,38,4,2.375
2005,"EVHOE",4,"7.h",0.899876063068708,0.720322022835414,0.970932722091675,7,13,32,3,2.46153846153846
2005,"EVHOE",4,"7.j",0.767100555822253,0.599852271998922,0.813073119769494,9,10,28,5,2.8
2005,"EVHOE",4,"8.a",0.724416302517056,0.688851756354173,1.09018178532521,6,12,52,7,4.33333333333333
2005,"EVHOE",4,"8.b",0.896645791518191,0.480256355367601,1.32289060701927,6,3,41,14,13.6666666666667
2005,"EVHOE",4,"8.d",0.899876063068708,0.720322022835414,0.970932722091675,5,0,25,7,99
2005,"FR-CGFS",4,"7.d",1.14885166939348,1.21334434238573,1.450963110663,2,8,34,3,4.25
2005,"IE-IGFS",4,"7.b",0.649386620769898,0.550157207995653,0.775719456374645,6,22,39,7,1.77272727272727
2005,"NS-IBTS",1,"3.a",1.18120742356405,0.978406673297286,0.980251975667973,5,31,31,3,1
2005,"NS-IBTS",1,"4.a",0.638599827388922,0.843224113434553,1.15166956074536,4,29,30,3,1.03448275862069
2005,"NS-IBTS",1,"4.b",0.950262064424654,1.01449637673795,1.18793678190559,4,33,41,12,1.24242424242424
2005,"NS-IBTS",1,"4.c",1.05504743009806,1.20466060936451,1.44153061509132,2,16,35,9,2.1875
2005,"PT-IBTS",4,"9.a",0.638909791441013,0.644114575426405,0.727326523590212,10,2,46,35,23
2005,"ROCKALL",3,"6.b",0.732457521061103,0.849695245424906,0.982060424983501,4,16,15,0,0.9375
2005,"SP-NORTH",4,"8.c",0.864295269673069,0.54380374836425,1.07141371257603,12,4,54,39,13.5
2005,"SP-PORC",3,"7.c",0.857533718148867,0.459964747074991,0.713914934545755,11,13,26,16,2
2005,"SP-PORC",3,"7.k",0.857533718148867,0.459964747074991,0.713914934545755,11,4,19,17,4.75
2005,"SWC-IBTS",1,"6.a",0.68897390862306,0.811638717850049,0.946991930405299,4,19,31,1,1.63157894736842
2006,"BITS",1,"3.b, c",1.50015409446011,1.16991239048851,0.99271199076126,2,18,16,3,0.888888888888889
2006,"BITS",1,"3.d",1.5336110573262,1.31380107502143,0.788467934044699,1,12,4,2,0.333333333333333
2006,"EVHOE",4,"7.g",0.883379520848393,0.738986187924941,0.665095918501417,4,20,39,4,1.95
2006,"EVHOE",4,"7.h",1.00772370149692,0.899876063068708,0.720322022835414,6,14,28,4,2
2006,"EVHOE",4,"7.j",0.855873020055393,0.767100555822253,0.599852271998922,7,12,32,7,2.66666666666667
2006,"EVHOE",4,"8.a",0.921492314587037,0.724416302517056,0.688851756354173,6,11,49,9,4.45454545454545
2006,"EVHOE",4,"8.b",1.23702944132189,0.896645791518191,0.480256355367601,7,5,49,13,9.8
2006,"EVHOE",4,"8.d",1.00772370149692,0.899876063068708,0.720322022835414,7,2,20,8,10
2006,"FR-CGFS",4,"7.d",1.28858540067449,1.14885166939348,1.21334434238573,3,6,34,4,5.66666666666667
2006,"IE-IGFS",4,"7.b",0.777748934303721,0.649386620769898,0.550157207995653,7,20,42,7,2.1
2006,"NS-IBTS",1,"3.a",1.55301513026158,1.18120742356405,0.978406673297286,5,26,27,3,1.03846153846154
2006,"NS-IBTS",1,"4.a",1.15490021842221,0.638599827388922,0.843224113434553,3,26,28,3,1.07692307692308
2006,"NS-IBTS",1,"4.b",1.53745786535243,0.950262064424654,1.01449637673795,4,30,43,9,1.43333333333333
2006,"NS-IBTS",1,"4.c",1.38651081422965,1.05504743009806,1.20466060936451,1,18,32,7,1.77777777777778
2006,"PT-IBTS",4,"9.a",0.982790294801816,0.638909791441013,0.644114575426405,9,2,43,36,21.5
2006,"ROCKALL",3,"6.b",0.782734407732884,0.732457521061103,0.849695245424906,5,16,15,0,0.9375
2006,"SP-NORTH",4,"8.c",1.21597370132804,0.864295269673069,0.54380374836425,13,4,53,36,13.25
2006,"SP-PORC",3,"7.c",0.862378171334664,0.857533718148867,0.459964747074991,13,12,26,20,2.16666666666667
2006,"SP-PORC",3,"7.k",0.862378171334664,0.857533718148867,0.459964747074991,14,4,18,23,4.5
2006,"SWC-IBTS",1,"6.a",0.838235213731726,0.68897390862306,0.811638717850049,5,18,35,3,1.94444444444444
2007,"BITS",1,"3.b, c",1.69052796609079,1.50015409446011,1.16991239048851,1,18,16,2,0.888888888888889
2007,"BITS",1,"3.d",1.39307532583674,1.5336110573262,1.31380107502143,2,9,9,1,1
2007,"EVHOE",4,"7.g",0.924980079134305,0.883379520848393,0.738986187924941,3,15,36,4,2.4
2007,"EVHOE",4,"7.h",0.844315541287263,1.00772370149692,0.899876063068708,7,13,31,7,2.38461538461538
2007,"EVHOE",4,"7.j",0.938214696633319,0.855873020055393,0.767100555822253,9,12,33,5,2.75
2007,"EVHOE",4,"8.a",1.00876208208501,0.921492314587037,0.724416302517056,8,10,51,13,5.1
2007,"EVHOE",4,"8.b",0.969793293314676,1.23702944132189,0.896645791518191,7,7,49,19,7
2007,"EVHOE",4,"8.d",0.844315541287263,1.00772370149692,0.899876063068708,5,5,21,10,4.2
2007,"FR-CGFS",4,"7.d",1.49208046014731,1.28858540067449,1.14885166939348,2,7,35,3,5
2007,"IE-IGFS",4,"7.b",0.987140564868847,0.777748934303721,0.649386620769898,4,16,40,7,2.5
2007,"NS-IBTS",1,"3.a",1.4755046290035,1.55301513026158,1.18120742356405,4,32,29,5,0.90625
2007,"NS-IBTS",1,"4.a",0.808275517572959,1.15490021842221,0.638599827388922,4,27,29,3,1.07407407407407
2007,"NS-IBTS",1,"4.b",1.17898701115822,1.53745786535243,0.950262064424654,3,33,41,9,1.24242424242424
2007,"NS-IBTS",1,"4.c",1.78754289944967,1.38651081422965,1.05504743009806,1,17,30,8,1.76470588235294
2007,"PT-IBTS",4,"9.a",0.610025619932761,0.982790294801816,0.638909791441013,10,3,44,35,14.6666666666667
2007,"ROCKALL",3,"6.b",0.919830816487471,0.782734407732884,0.732457521061103,5,16,15,0,0.9375
2007,"SP-NORTH",4,"8.c",0.746771266476976,1.21597370132804,0.864295269673069,12,4,52,34,13
2007,"SP-PORC",3,"7.c",1.0973626623551,0.862378171334664,0.857533718148867,15,14,30,19,2.14285714285714
2007,"SP-PORC",3,"7.k",1.0973626623551,0.862378171334664,0.857533718148867,16,5,20,26,4
2007,"SWC-IBTS",1,"6.a",0.871544599533081,0.838235213731726,0.68897390862306,6,24,39,4,1.625
2008,"BITS",1,"3.b, c",1.58340682213505,1.69052796609079,1.50015409446011,0,18,12,4,0.666666666666667
2008,"BITS",1,"3.d",1.79570295910041,1.39307532583674,1.5336110573262,0,10,7,1,0.7
2008,"EVHOE",4,"7.g",0.442447922735785,0.924980079134305,0.883379520848393,3,19,40,5,2.10526315789474
2008,"EVHOE",4,"7.h",0.563004140276462,0.844315541287263,1.00772370149692,7,15,33,4,2.2
2008,"EVHOE",4,"7.j",0.497564895466591,0.938214696633319,0.855873020055393,9,13,29,6,2.23076923076923
2008,"EVHOE",4,"8.a",0.598183566704392,1.00876208208501,0.921492314587037,8,11,52,10,4.72727272727273
2008,"EVHOE",4,"8.b",0.741872518944244,0.969793293314676,1.23702944132189,7,4,51,16,12.75
2008,"EVHOE",4,"8.d",0.563004140276462,0.844315541287263,1.00772370149692,6,2,28,8,14
2008,"FR-CGFS",4,"7.d",0.993411976921683,1.49208046014731,1.28858540067449,1,10,37,3,3.7
2008,"IE-IGFS",4,"7.b",0.441659627404685,0.987140564868847,0.777748934303721,8,21,37,6,1.76190476190476
2008,"NS-IBTS",1,"3.a",1.59965995326638,1.4755046290035,1.55301513026158,4,26,30,7,1.15384615384615
2008,"NS-IBTS",1,"4.a",1.00977679056426,0.808275517572959,1.15490021842221,4,29,36,4,1.24137931034483
2008,"NS-IBTS",1,"4.b",1.20391421268384,1.17898701115822,1.53745786535243,4,32,44,8,1.375
2008,"NS-IBTS",1,"4.c",1.28922623644272,1.78754289944967,1.38651081422965,3,19,30,6,1.57894736842105
2008,"PT-IBTS",4,"9.a",0.66767406448101,0.610025619932761,0.982790294801816,7,2,39,38,19.5
2008,"ROCKALL",3,"6.b",0.844382150719563,0.919830816487471,0.782734407732884,3,14,15,2,1.07142857142857
2008,"SP-NORTH",4,"8.c",0.796303109369344,0.746771266476976,1.21597370132804,11,2,50,39,25
2008,"SP-PORC",3,"7.c",0.684453062014654,1.0973626623551,0.862378171334664,14,14,28,19,2
2008,"SP-PORC",3,"7.k",0.684453062014654,1.0973626623551,0.862378171334664,15,5,19,28,3.8
2008,"SWC-IBTS",1,"6.a",0.891656364003817,0.871544599533081,0.838235213731726,5,19,38,6,2
2009,"BITS",1,"3.b, c",1.11357311005122,1.58340682213505,1.69052796609079,0,17,13,4,0.764705882352941
2009,"BITS",1,"3.d",1.04904808228215,1.79570295910041,1.39307532583674,0,10,7,2,0.7
2009,"EVHOE",4,"7.g",0.512214766194423,0.442447922735785,0.924980079134305,4,19,34,4,1.78947368421053
2009,"EVHOE",4,"7.h",0.621079993744691,0.563004140276462,0.844315541287263,5,13,32,5,2.46153846153846
2009,"EVHOE",4,"7.j",0.465354413880656,0.497564895466591,0.938214696633319,7,15,30,10,2
2009,"EVHOE",4,"8.a",0.515923834095399,0.598183566704392,1.00876208208501,8,13,53,14,4.07692307692308
2009,"EVHOE",4,"8.b",0.699807254907985,0.741872518944244,0.969793293314676,5,2,44,11,22
2009,"EVHOE",4,"8.d",0.621079993744691,0.563004140276462,0.844315541287263,4,3,22,6,7.33333333333333
2009,"FR-CGFS",4,"7.d",0.905481125460938,0.993411976921683,1.49208046014731,3,8,33,4,4.125
2009,"IE-IGFS",4,"7.b",0.422697588490943,0.441659627404685,0.987140564868847,6,19,43,8,2.26315789473684
2009,"NIGFS",4,"7.a",0.675320007527868,0.655878704765605,1.1072297733691,2,18,31,13,1.72222222222222
2009,"NS-IBTS",1,"3.a",1.01276235623906,1.59965995326638,1.4755046290035,5,26,32,4,1.23076923076923
2009,"NS-IBTS",1,"4.a",0.929341408424079,1.00977679056426,0.808275517572959,7,27,33,4,1.22222222222222
2009,"NS-IBTS",1,"4.b",1.07071003938715,1.20391421268384,1.17898701115822,5,26,42,7,1.61538461538462
2009,"NS-IBTS",1,"4.c",1.19783300813287,1.28922623644272,1.78754289944967,2,14,27,7,1.92857142857143
2009,"PT-IBTS",4,"9.a",0.591265211657931,0.66767406448101,0.610025619932761,7,1,43,28,43
2009,"ROCKALL",3,"6.b",0.832770061989625,0.844382150719563,0.919830816487471,5,16,13,4,0.8125
2009,"SP-NORTH",4,"8.c",0.645150575890309,0.796303109369344,0.746771266476976,10,3,51,37,17
2009,"SP-PORC",3,"7.c",0.47656466687719,0.684453062014654,1.0973626623551,12,11,25,22,2.27272727272727
2009,"SP-PORC",3,"7.k",0.47656466687719,0.684453062014654,1.0973626623551,13,8,20,27,2.5
2009,"SWC-IBTS",1,"6.a",0.937292824188868,0.891656364003817,0.871544599533081,7,20,35,5,1.75
2010,"BITS",1,"3.b, c",0.120408637371535,1.11357311005122,1.58340682213505,0,16,18,4,1.125
2010,"BITS",1,"3.d",0.362245035668214,1.04904808228215,1.79570295910041,0,11,4,3,0.363636363636364
2010,"EVHOE",4,"7.g",0.391079987709721,0.512214766194423,0.442447922735785,3,15,36,4,2.4
2010,"EVHOE",4,"7.h",0.647097235545516,0.621079993744691,0.563004140276462,7,8,29,6,3.625
2010,"EVHOE",4,"7.j",0.520118574922284,0.465354413880656,0.497564895466591,9,13,30,7,2.30769230769231
2010,"EVHOE",4,"8.a",0.168650856862466,0.515923834095399,0.598183566704392,9,13,49,12,3.76923076923077
2010,"EVHOE",4,"8.b",0.473787930328399,0.699807254907985,0.741872518944244,5,3,46,11,15.3333333333333
2010,"EVHOE",4,"8.d",0.647097235545516,0.621079993744691,0.563004140276462,7,4,23,8,5.75
2010,"FR-CGFS",4,"7.d",0.392891005224859,0.905481125460938,0.993411976921683,2,9,33,3,3.66666666666667
2010,"IE-IGFS",4,"7.b",0.403680211864412,0.422697588490943,0.441659627404685,6,21,42,5,2
2010,"NIGFS",4,"7.a",0.343672789633274,0.675320007527868,0.655878704765605,2,18,31,10,1.72222222222222
2010,"NS-IBTS",1,"3.a",0.16030919427673,1.01276235623906,1.59965995326638,4,23,22,5,0.956521739130435
2010,"NS-IBTS",1,"4.a",0.412408819546302,0.929341408424079,1.00977679056426,6,29,35,3,1.20689655172414
2010,"NS-IBTS",1,"4.b",0.310251056061437,1.07071003938715,1.20391421268384,4,31,36,8,1.16129032258065
2010,"NS-IBTS",1,"4.c",0.254714817429582,1.19783300813287,1.28922623644272,2,15,31,5,2.06666666666667
2010,"PT-IBTS",4,"9.a",0.661108565206329,0.591265211657931,0.66767406448101,8,2,37,33,18.5
2010,"SP-NORTH",4,"8.c",0.688413310899503,0.645150575890309,0.796303109369344,11,5,51,39,10.2
2010,"SP-PORC",3,"7.c",0.739313084632158,0.47656466687719,0.684453062014654,13,12,29,23,2.41666666666667
2010,"SP-PORC",3,"7.k",0.739313084632158,0.47656466687719,0.684453062014654,15,4,16,24,4
2010,"SWC-IBTS",1,"6.a",0.660424110790094,0.937292824188868,0.891656364003817,7,24,36,6,1.5
2011,"BITS",1,"3.b, c",0.702179362221311,0.120408637371535,1.11357311005122,2,18,16,3,0.888888888888889
2011,"BITS",1,"3.d",0.542870913942655,0.362245035668214,1.04904808228215,0,10,4,2,0.4
2011,"EVHOE",4,"7.g",0.449929661505545,0.391079987709721,0.512214766194423,3,16,39,4,2.4375
2011,"EVHOE",4,"7.h",0.717081311934938,0.647097235545516,0.621079993744691,7,15,33,4,2.2
2011,"EVHOE",4,"7.j",0.354242209849569,0.520118574922284,0.465354413880656,9,14,31,9,2.21428571428571
2011,"EVHOE",4,"8.a",0.906639191011588,0.168650856862466,0.515923834095399,9,12,56,15,4.66666666666667
2011,"EVHOE",4,"8.b",1.18580984820922,0.473787930328399,0.699807254907985,6,3,41,16,13.6666666666667
2011,"EVHOE",4,"8.d",0.717081311934938,0.647097235545516,0.621079993744691,3,3,23,2,7.66666666666667
2011,"FR-CGFS",4,"7.d",1.10703475059321,0.392891005224859,0.905481125460938,1,10,38,4,3.8
2011,"IE-IGFS",4,"7.b",0.177327992549787,0.403680211864412,0.422697588490943,2,19,41,5,2.15789473684211
2011,"NIGFS",4,"7.a",0.576247551995847,0.343672789633274,0.675320007527868,2,17,29,12,1.70588235294118
2011,"NS-IBTS",1,"3.a",0.809335353473822,0.16030919427673,1.01276235623906,5,22,22,2,1
2011,"NS-IBTS",1,"4.a",0.754153651930392,0.412408819546302,0.929341408424079,5,28,34,5,1.21428571428571
2011,"NS-IBTS",1,"4.b",0.693676973848293,0.310251056061437,1.07071003938715,3,27,41,8,1.51851851851852
2011,"NS-IBTS",1,"4.c",1.0458144346873,0.254714817429582,1.19783300813287,1,19,29,6,1.52631578947368
2011,"PT-IBTS",4,"9.a",0.863530959468335,0.661108565206329,0.591265211657931,9,2,39,35,19.5
2011,"SCOROC",3,"6.b",0.409667070334156,0.963318170358737,0.832770061989625,9,17,20,3,1.17647058823529
2011,"SP-NORTH",4,"8.c",1.0490671924005,0.688413310899503,0.645150575890309,11,3,50,45,16.6666666666667
2011,"SP-PORC",3,"7.c",0.157966575895747,0.739313084632158,0.47656466687719,15,13,25,23,1.92307692307692
2011,"SP-PORC",3,"7.k",0.157966575895747,0.739313084632158,0.47656466687719,14,6,19,23,3.16666666666667
2012,"BITS",1,"3.b, c",0.742851707851514,0.702179362221311,0.120408637371535,0,17,10,2,0.588235294117647
2012,"BITS",1,"3.d",0.979033052921295,0.542870913942655,0.362245035668214,0,13,6,5,0.461538461538462
2012,"EVHOE",4,"7.g",0.357106610201299,0.449929661505545,0.391079987709721,3,16,39,4,2.4375
2012,"EVHOE",4,"7.h",0.531454360112548,0.717081311934938,0.647097235545516,6,12,32,7,2.66666666666667
2012,"EVHOE",4,"7.j",0.315471146643783,0.354242209849569,0.520118574922284,8,13,34,8,2.61538461538462
2012,"EVHOE",4,"8.a",0.686570212865869,0.906639191011588,0.168650856862466,6,8,46,12,5.75
2012,"EVHOE",4,"8.b",0.874699815176427,1.18580984820922,0.473787930328399,8,4,47,18,11.75
2012,"EVHOE",4,"8.d",0.531454360112548,0.717081311934938,0.647097235545516,7,3,22,7,7.33333333333333
2012,"FR-CGFS",4,"7.d",0.775562165887095,1.10703475059321,0.392891005224859,1,12,35,4,2.91666666666667
2012,"IE-IGFS",4,"7.b",0.194898144652446,0.177327992549787,0.403680211864412,5,18,37,9,2.05555555555556
2012,"NIGFS",4,"7.a",0.4568833735668,0.576247551995847,0.343672789633274,2,17,30,11,1.76470588235294
2012,"NS-IBTS",1,"3.a",0.6834344357873,0.809335353473822,0.16030919427673,4,29,26,4,0.896551724137931
2012,"NS-IBTS",1,"4.a",0.536746282689273,0.754153651930392,0.412408819546302,6,27,30,4,1.11111111111111
2012,"NS-IBTS",1,"4.b",0.757788990313808,0.693676973848293,0.310251056061437,4,31,44,9,1.41935483870968
2012,"NS-IBTS",1,"4.c",0.716003535781056,1.0458144346873,0.254714817429582,0,17,30,6,1.76470588235294
2012,"SCOROC",3,"6.b",0.542132311190168,0.409667070334156,0.963318170358737,7,15,21,3,1.4
2012,"SP-NORTH",4,"8.c",0.8298608466155,1.0490671924005,0.688413310899503,12,1,52,45,52
2012,"SP-PORC",3,"7.c",0.275462864199653,0.157966575895747,0.739313084632158,13,13,25,27,1.92307692307692
2012,"SP-PORC",3,"7.k",0.275462864199653,0.157966575895747,0.739313084632158,13,3,17,27,5.66666666666667
2013,"BITS",1,"3.b, c",0.557620404753834,0.742851707851514,0.702179362221311,0,21,14,2,0.666666666666667
2013,"BITS",1,"3.d",1.38440774877866,0.979033052921295,0.542870913942655,0,14,5,5,0.357142857142857
2013,"EVHOE",4,"7.g",0.407960974921783,0.357106610201299,0.449929661505545,4,13,30,2,2.30769230769231
2013,"EVHOE",4,"7.h",0.70224434013168,0.531454360112548,0.717081311934938,7,13,35,4,2.69230769230769
2013,"EVHOE",4,"7.j",0.482231208433708,0.315471146643783,0.354242209849569,8,15,29,5,1.93333333333333
2013,"EVHOE",4,"8.a",0.523103656247258,0.686570212865869,0.906639191011588,8,15,61,15,4.06666666666667
2013,"EVHOE",4,"8.b",0.703527165887256,0.874699815176427,1.18580984820922,7,4,50,17,12.5
2013,"EVHOE",4,"8.d",0.70224434013168,0.531454360112548,0.717081311934938,6,1,21,7,21
2013,"FR-CGFS",4,"7.d",0.47199498830984,0.775562165887095,1.10703475059321,1,8,37,5,4.625
2013,"IE-IGFS",4,"7.b",0.297051940113306,0.194898144652446,0.177327992549787,6,19,41,6,2.15789473684211
2013,"NIGFS",4,"7.a",0.320569269359112,0.4568833735668,0.576247551995847,2,17,29,11,1.70588235294118
2013,"NS-IBTS",1,"3.a",0.570334647161265,0.6834344357873,0.809335353473822,7,26,28,3,1.07692307692308
2013,"NS-IBTS",1,"4.a",0.580837390571833,0.536746282689273,0.754153651930392,5,33,35,6,1.06060606060606
2013,"NS-IBTS",1,"4.b",0.463979674192766,0.757788990313808,0.693676973848293,3,31,45,8,1.45161290322581
2013,"NS-IBTS",1,"4.c",0.182478660096725,0.716003535781056,1.0458144346873,3,20,32,6,1.6
2013,"PT-IBTS",4,"9.a",0.440641671419144,0.73470612547438,0.863530959468335,9,2,45,32,22.5
2013,"SCOROC",3,"6.b",0.440430894998523,0.542132311190168,0.409667070334156,7,15,20,1,1.33333333333333
2013,"SP-NORTH",4,"8.c",0.628575773081846,0.8298608466155,1.0490671924005,13,3,54,45,18
2013,"SP-PORC",3,"7.c",0.577280268693964,0.275462864199653,0.157966575895747,11,12,26,19,2.16666666666667
2013,"SP-PORC",3,"7.k",0.577280268693964,0.275462864199653,0.157966575895747,11,5,18,24,3.6
2014,"BITS",1,"3.b, c",2.20304004335776,0.557620404753834,0.742851707851514,0,20,19,4,0.95
2014,"BITS",1,"3.d",1.90734914938609,1.38440774877866,0.979033052921295,0,16,11,4,0.6875
2014,"EVHOE",4,"7.g",0.948312790753941,0.407960974921783,0.357106610201299,3,13,33,3,2.53846153846154
2014,"EVHOE",4,"7.h",1.07467072705428,0.70224434013168,0.531454360112548,9,13,31,4,2.38461538461538
2014,"EVHOE",4,"7.j",0.788225411670282,0.482231208433708,0.315471146643783,8,13,27,6,2.07692307692308
2014,"EVHOE",4,"8.a",1.39991673330466,0.523103656247258,0.686570212865869,9,11,51,10,4.63636363636364
2014,"EVHOE",4,"8.b",1.41916467870275,0.703527165887256,0.874699815176427,9,5,46,12,9.2
2014,"EVHOE",4,"8.d",1.07467072705428,0.70224434013168,0.531454360112548,2,4,17,1,4.25
2014,"FR-CGFS",4,"7.d",1.83537036180496,0.47199498830984,0.775562165887095,2,15,37,5,2.46666666666667
2014,"IE-IGFS",4,"7.b",0.717548535671085,0.297051940113306,0.194898144652446,5,20,42,5,2.1
2014,"NIGFS",4,"7.a",1.0226738082452,0.320569269359112,0.4568833735668,3,19,30,10,1.57894736842105
2014,"NS-IBTS",1,"3.a",2.08489008123676,0.570334647161265,0.6834344357873,6,28,30,5,1.07142857142857
2014,"NS-IBTS",1,"4.a",1.41882686031361,0.580837390571833,0.536746282689273,7,30,35,8,1.16666666666667
2014,"NS-IBTS",1,"4.b",1.7868762811025,0.463979674192766,0.757788990313808,2,31,33,8,1.06451612903226
2014,"NS-IBTS",1,"4.c",2.17727748552958,0.182478660096725,0.716003535781056,1,21,35,8,1.66666666666667
2014,"PT-IBTS",4,"9.a",0.884641400926436,0.440641671419144,0.73470612547438,8,2,40,32,20
2014,"SCOROC",3,"6.b",0.776387182840457,0.440430894998523,0.542132311190168,7,16,22,3,1.375
2014,"SP-NORTH",4,"8.c",1.10722926879923,0.628575773081846,0.8298608466155,13,4,54,43,13.5
2014,"SP-PORC",3,"7.c",0.408052567237367,0.577280268693964,0.275462864199653,3,7,15,1,2.14285714285714
2014,"SP-PORC",3,"7.k",0.408052567237367,0.577280268693964,0.275462864199653,3,4,13,1,3.25
2015,"BITS",1,"3.b, c",1.31438193997989,2.20304004335776,0.557620404753834,1,13,11,4,0.846153846153846
2015,"BITS",1,"3.d",1.84940561155478,1.90734914938609,1.38440774877866,0,16,8,5,0.5
2015,"EVHOE",4,"7.g",0.442700135676811,0.948312790753941,0.407960974921783,4,16,37,6,2.3125
2015,"EVHOE",4,"7.h",0.560707306178908,1.07467072705428,0.70224434013168,4,9,27,9,3
2015,"EVHOE",4,"7.j",0.30677382927388,0.788225411670282,0.482231208433708,10,15,28,10,1.86666666666667
2015,"EVHOE",4,"8.a",0.887968149657051,1.39991673330466,0.523103656247258,7,14,55,17,3.92857142857143
2015,"EVHOE",4,"8.b",1.03949955819796,1.41916467870275,0.703527165887256,8,1,49,17,49
2015,"EVHOE",4,"8.d",0.560707306178908,1.07467072705428,0.70224434013168,6,4,23,7,5.75
2015,"FR-CGFS",4,"7.d",1.11930405364061,1.83537036180496,0.47199498830984,2,12,39,9,3.25
2015,"IE-IGFS",4,"7.b",0.225249839636187,0.717548535671085,0.297051940113306,6,18,40,7,2.22222222222222
2015,"NIGFS",4,"7.a",0.50897687394172,1.0226738082452,0.320569269359112,2,17,33,12,1.94117647058824
2015,"NS-IBTS",1,"3.a",1.18160551848511,2.08489008123676,0.570334647161265,7,30,33,5,1.1
2015,"NS-IBTS",1,"4.a",0.747167308876912,1.41882686031361,0.580837390571833,6,31,35,7,1.12903225806452
2015,"NS-IBTS",1,"4.b",0.921826038509607,1.7868762811025,0.463979674192766,5,29,39,8,1.3448275862069
2015,"NS-IBTS",1,"4.c",1.18494286636511,2.17727748552958,0.182478660096725,2,20,31,4,1.55
2015,"PT-IBTS",4,"9.a",0.74489782191813,0.884641400926436,0.440641671419144,10,1,44,34,44
2015,"SCOROC",3,"6.b",-0.189662312933554,0.776387182840457,0.440430894998523,7,15,21,2,1.4
2015,"SP-NORTH",4,"8.c",0.890605649807387,1.10722926879923,0.628575773081846,12,3,47,43,15.6666666666667
2015,"SP-PORC",3,"7.c",-0.0172082561378678,0.408052567237367,0.577280268693964,11,12,26,22,2.16666666666667
2015,"SP-PORC",3,"7.k",-0.0172082561378678,0.408052567237367,0.577280268693964,12,5,19,26,3.8
2016,"BITS",1,"3.b, c",1.73775940450529,1.31438193997989,2.20304004335776,0,16,14,2,0.875
2016,"BITS",1,"3.d",2.11014488339424,1.84940561155478,1.90734914938609,0,13,8,4,0.615384615384615
2016,"EVHOE",4,"7.g",0.792750580236316,0.442700135676811,0.948312790753941,4,17,37,3,2.17647058823529
2016,"EVHOE",4,"7.h",0.852399386465549,0.560707306178908,1.07467072705428,4,16,32,2,2
2016,"EVHOE",4,"7.j",0.643853245303035,0.30677382927388,0.788225411670282,4,13,29,3,2.23076923076923
2016,"EVHOE",4,"8.a",0.919253493348757,0.887968149657051,1.39991673330466,9,11,51,12,4.63636363636364
2016,"EVHOE",4,"8.b",1.15859011063973,1.03949955819796,1.41916467870275,7,3,48,14,16
2016,"EVHOE",4,"8.d",0.852399386465549,0.560707306178908,1.07467072705428,6,2,17,5,8.5
2016,"FR-CGFS",4,"7.d",1.33611864006768,1.11930405364061,1.83537036180496,2,12,44,8,3.66666666666667
2016,"IE-IGFS",4,"7.b",0.592365529077748,0.225249839636187,0.717548535671085,5,17,36,4,2.11764705882353
2016,"NIGFS",4,"7.a",0.801700280358394,0.50897687394172,1.0226738082452,2,16,30,8,1.875
2016,"NS-IBTS",1,"3.a",1.63185395176212,1.18160551848511,2.08489008123676,6,23,26,5,1.1304347826087
2016,"NS-IBTS",1,"4.a",1.11448554719488,0.747167308876912,1.41882686031361,5,30,35,6,1.16666666666667
2016,"NS-IBTS",1,"4.b",1.43611126144727,0.921826038509607,1.7868762811025,2,29,36,9,1.24137931034483
2016,"NS-IBTS",1,"4.c",1.7921555240949,1.18494286636511,2.17727748552958,1,19,31,8,1.63157894736842
2016,"PT-IBTS",4,"9.a",0.732308067691823,0.74489782191813,0.884641400926436,8,1,44,32,44
2016,"SCOROC",3,"6.b",0.190704734840741,-0.189662312933554,0.776387182840457,7,16,19,4,1.1875
2016,"SP-NORTH",4,"8.c",1.01812825931443,0.890605649807387,1.10722926879923,14,4,49,40,12.25
2016,"SP-PORC",3,"7.c",0.418483887799084,-0.0172082561378678,0.408052567237367,11,13,27,18,2.07692307692308
2016,"SP-PORC",3,"7.k",0.418483887799084,-0.0172082561378678,0.408052567237367,13,8,20,24,2.5
2017,"BITS",1,"3.b, c",1.36551306893428,1.73775940450529,1.31438193997989,1,20,17,5,0.85
2017,"BITS",1,"3.d",1.18828585247199,2.11014488339424,1.84940561155478,0,15,10,5,0.666666666666667
2017,"EVHOE",4,"8.a",0.964366886764765,0.919253493348757,0.887968149657051,4,6,45,8,7.5
2017,"EVHOE",4,"8.b",0.996905740971367,1.15859011063973,1.03949955819796,3,1,39,7,39
2017,"EVHOE",4,"8.d",0.81338465710481,0.852399386465549,0.560707306178908,6,1,9,5,9
2017,"FR-CGFS",4,"7.d",1.34678558679298,1.33611864006768,1.11930405364061,2,14,43,8,3.07142857142857
2017,"IE-IGFS",4,"7.b",0.531331197513888,0.592365529077748,0.225249839636187,7,17,35,6,2.05882352941176
2017,"NS-IBTS",1,"3.a",1.28712935497363,1.63185395176212,1.18160551848511,8,27,31,5,1.14814814814815
2017,"NS-IBTS",1,"4.a",1.25743416175246,1.11448554719488,0.747167308876912,5,28,30,7,1.07142857142857
2017,"NS-IBTS",1,"4.b",1.25561154012879,1.43611126144727,0.921826038509607,3,28,40,12,1.42857142857143
2017,"NS-IBTS",1,"4.c",1.65266142288844,1.7921555240949,1.18494286636511,2,18,32,6,1.77777777777778
2017,"PT-IBTS",4,"9.a",0.999849451861034,0.732308067691823,0.74489782191813,11,2,52,38,26
2017,"SP-NORTH",4,"8.c",1.10559943483935,1.01812825931443,0.890605649807387,13,4,50,36,12.5
2017,"SP-PORC",3,"7.c",0.497288855879257,0.418483887799084,-0.0172082561378678,11,13,27,19,2.07692307692308
2017,"SP-PORC",3,"7.k",0.497288855879257,0.418483887799084,-0.0172082561378678,15,7,17,24,2.42857142857143
2018,"BITS",1,"3.b, c",1.5885609217609,1.36551306893428,1.73775940450529,0,19,15,4,0.789473684210526
2018,"BITS",1,"3.d",2.11586425515513,1.18828585247199,2.11014488339424,1,13,7,4,0.538461538461538
2018,"EVHOE",4,"7.g",0.710027916667362,0.721399894294639,0.792750580236316,4,17,39,3,2.29411764705882
2018,"EVHOE",4,"7.h",0.811648226653536,0.81338465710481,0.852399386465549,4,14,33,4,2.35714285714286
2018,"EVHOE",4,"7.j",0.583719940778489,0.619813354763513,0.643853245303035,8,17,28,7,1.64705882352941
2018,"EVHOE",4,"8.a",0.872618282213807,0.964366886764765,0.919253493348757,9,11,49,15,4.45454545454545
2018,"EVHOE",4,"8.b",1.06887187622488,0.996905740971367,1.15859011063973,7,7,52,14,7.42857142857143
2018,"EVHOE",4,"8.d",0.811648226653536,0.81338465710481,0.852399386465549,5,3,18,7,6
2018,"FR-CGFS",4,"7.d",1.28192798265566,1.34678558679298,1.33611864006768,3,12,41,7,3.41666666666667
2018,"IE-IGFS",4,"7.b",0.513124635598312,0.531331197513888,0.592365529077748,6,19,42,6,2.21052631578947
2018,"NIGFS",4,"7.a",0.593146328503887,0.87928069403602,0.801700280358394,2,15,32,8,2.13333333333333
2018,"NS-IBTS",1,"3.a",1.53857726355394,1.28712935497363,1.63185395176212,7,29,29,4,1
2018,"NS-IBTS",1,"4.a",0.820270918806394,1.25743416175246,1.11448554719488,6,27,32,4,1.18518518518519
2018,"NS-IBTS",1,"4.b",1.18161730313053,1.25561154012879,1.43611126144727,2,30,37,10,1.23333333333333
2018,"NS-IBTS",1,"4.c",1.46633521281183,1.65266142288844,1.7921555240949,1,18,30,5,1.66666666666667
2018,"PT-IBTS",4,"9.a",0.320733678410761,0.999849451861034,0.732308067691823,10,2,38,26,19
2018,"SCOROC",3,"6.b",-0.059097980769972,0.536294531077147,0.190704734840741,6,17,15,2,0.882352941176471
2018,"SP-NORTH",4,"8.c",0.698158802671565,1.10559943483935,1.01812825931443,14,3,51,41,17
2018,"SP-PORC",3,"7.c",0.356101718886445,0.497288855879257,0.418483887799084,11,13,26,24,2
2018,"SP-PORC",3,"7.k",0.356101718886445,0.497288855879257,0.418483887799084,12,9,20,23,2.22222222222222
2019,"BITS",1,"3.b, c",1.69880829441051,1.5885609217609,1.36551306893428,0,20,16,7,0.8
2019,"BITS",1,"3.d",1.72792522112528,2.11586425515513,1.18828585247199,1,14,6,6,0.428571428571429
2019,"EVHOE",4,"7.g",0.793850347089271,0.710027916667362,0.721399894294639,3,15,36,3,2.4
2019,"EVHOE",4,"7.h",0.710521121198932,0.811648226653536,0.81338465710481,5,12,33,6,2.75
2019,"EVHOE",4,"7.j",0.686334547276298,0.583719940778489,0.619813354763513,6,13,28,5,2.15384615384615
2019,"EVHOE",4,"8.a",0.915840263168017,0.872618282213807,0.964366886764765,8,11,56,18,5.09090909090909
2019,"EVHOE",4,"8.b",1.06214800725381,1.06887187622488,0.996905740971367,8,5,54,18,10.8
2019,"EVHOE",4,"8.d",0.710521121198932,0.811648226653536,0.81338465710481,6,2,18,5,9
2019,"FR-CGFS",4,"7.d",1.48515275803705,1.28192798265566,1.34678558679298,1,12,41,8,3.41666666666667
2019,"IE-IGFS",4,"7.b",0.749246400625755,0.513124635598312,0.531331197513888,6,19,42,9,2.21052631578947
2019,"NIGFS",4,"7.a",0.974642702274852,0.593146328503887,0.87928069403602,3,15,34,7,2.26666666666667
2019,"NS-IBTS",1,"3.a",1.55737487350901,1.53857726355394,1.28712935497363,7,27,30,6,1.11111111111111
2019,"NS-IBTS",1,"4.a",0.90669365854313,0.820270918806394,1.25743416175246,6,27,29,8,1.07407407407407
2019,"NS-IBTS",1,"4.b",1.19943536693851,1.18161730313053,1.25561154012879,3,30,36,10,1.2
2019,"NS-IBTS",1,"4.c",1.74871562918027,1.46633521281183,1.65266142288844,1,16,34,6,2.125
2019,"SCOROC",3,"6.b",0.5031314259395,-0.059097980769972,0.536294531077147,7,16,19,3,1.1875
2019,"SP-NORTH",4,"8.c",0.801077855233517,0.698158802671565,1.10559943483935,3,0,20,2,99
2019,"SP-PORC",3,"7.c",0.55348558894669,0.356101718886445,0.497288855879257,4,6,16,1,2.66666666666667
2019,"SP-PORC",3,"7.k",0.55348558894669,0.356101718886445,0.497288855879257,3,3,11,1,3.66666666666667
2020,"BITS",1,"3.b, c",2.18871092051268,1.69880829441051,1.5885609217609,0,21,15,5,0.714285714285714
2020,"BITS",1,"3.d",2.36089405417442,1.72792522112528,2.11586425515513,1,14,12,4,0.857142857142857
2020,"EVHOE",4,"7.g",0.578291761999329,0.793850347089271,0.710027916667362,3,15,37,4,2.46666666666667
2020,"EVHOE",4,"7.h",0.563145726919174,0.710521121198932,0.811648226653536,6,11,34,5,3.09090909090909
2020,"EVHOE",4,"7.j",0.42862645497856,0.686334547276298,0.583719940778489,5,12,29,6,2.41666666666667
2020,"EVHOE",4,"8.a",1.03111053506533,0.915840263168017,0.872618282213807,8,10,54,13,5.4
2020,"EVHOE",4,"8.b",0.832446708964805,1.06214800725381,1.06887187622488,8,5,49,20,9.8
2020,"EVHOE",4,"8.d",0.563145726919174,0.710521121198932,0.811648226653536,6,2,12,7,6
2020,"FR-CGFS",4,"7.d",1.53713144237796,1.48515275803705,1.28192798265566,3,14,41,10,2.92857142857143
2020,"IE-IGFS",4,"7.b",0.42499838086466,0.749246400625755,0.513124635598312,8,19,39,5,2.05263157894737
2020,"NIGFS",4,"7.a",0.868899017986324,0.974642702274852,0.593146328503887,2,17,34,8,2
2020,"NS-IBTS",1,"3.a",2.16355531911055,1.55737487350901,1.53857726355394,6,29,31,5,1.06896551724138
2020,"NS-IBTS",1,"4.a",1.01285124408702,0.90669365854313,0.820270918806394,5,26,29,7,1.11538461538462
2020,"NS-IBTS",1,"4.b",1.7314666112264,1.19943536693851,1.18161730313053,5,26,39,9,1.5
2020,"NS-IBTS",1,"4.c",1.72006592154503,1.74871562918027,1.46633521281183,2,18,39,6,2.16666666666667
2020,"SCOROC",3,"6.b",0.214855358392621,0.5031314259395,-0.059097980769972,6,14,16,1,1.14285714285714
2020,"SP-NORTH",4,"8.c",0.778731942797701,0.801077855233517,0.698158802671565,3,0,20,2,99
2020,"SP-PORC",3,"7.c",0.247939745585124,0.55348558894669,0.356101718886445,4,7,15,1,2.14285714285714
2020,"SP-PORC",3,"7.k",0.247939745585124,0.55348558894669,0.356101718886445,3,3,11,1,3.66666666666667
